[
  {
    "content": "Policy Written Reviewed Submitted Ratified Translated Next Review Staff/Lead Code Recent/Next Year Previous Year Old\nTeaching and Learning\nCurriculu Lm ea, T rne ia nc ghing and Term 2 2019 Term 2 2024 Term 1 2022 Term 1 2022 Term 2 2027 Olly/Mim Mi/M oratt/Dani/ TBR\nProfessional Review and\nDevelopment or Performance Term 3 2018 Term 1 2025 Term 1 2022 November 2022 Term 1 2027 Chris/Dani\nManagement\nContinuous Professional Learning Term 1 2022/23 Term 1 2022 Term 1 2022 November 2022 Term 1 2027",
    "metadata": {
      "source": "BISHCMC Policy Timeline - Sheet1.pdf",
      "type": "pdf",
      "folder": "raw"
    }
  },
  {
    "content": " Term 1 2022 Term 1 2022 November 2022 Term 1 2027 Chris/Dani/Mor\nRecording and Reporting Term 3 2019 Term 1 2022 Term 1 2022 Term 1 2022 Term 1 2025 Olly/Matt/Dani/Mor\nWorld Languages Term 2 2012 Term 3 2025 Term 2 2018 N/A Term 3 2028 Matt/ Head of MfL\nAcademic Integrity 2018 Term 1 2024 Term 1 2024 N/A Term 3 2028 Helen/Matt TBR\nLearning Technologies Term 1 2018 N/A Term 1 2019 N/A Term 3 2026 IT Steering TBR\nInclusion (Secondary) Term 3 2019 Term 1 2024 Term 1 2024 N/A Term 1 2027 Ian Y/Matt",
    "metadata": {
      "source": "BISHCMC Policy Timeline - Sheet1.pdf",
      "type": "pdf",
      "folder": "raw"
    }
  },
  {
    "content": "Term 1 2024 Term 1 2024 N/A Term 1 2027 Ian Y/Matt TBR\nVirtual Schooling Policy Term 3 2020 Term 3 2020 Term 3 2020 Term 3 2020 When required\nWelfare & Guidance\nWellbeing Term 3 2018 Under review N/A N/A Term 3 2026 Chris/Sarah/ Gareth\nAdvice, Support and Counselling Term 1 2020 Term 1 2025 Term 1 2025 Term 1 2030 Gareth/ASC Team\nChild Protection and Safeguarding Term 1 2020 Term 1 2023 Term 1 2023 Term 1 2023 Term 1 2025 Chris/Sarah/ Gareth TBR\nPositive Behaviour N/A N/A N/A Term 2 2026\nHealth ",
    "metadata": {
      "source": "BISHCMC Policy Timeline - Sheet1.pdf",
      "type": "pdf",
      "folder": "raw"
    }
  },
  {
    "content": "Positive Behaviour N/A N/A N/A Term 2 2026\nHealth and Safety Term 2 2019 Term 2 2024 Term 1 2022 Term 1 2022 Term 2 2026 Chris/Sarah/ Gareth\nEDIB Policy Term 3 2025 May 2025 May 2025 May 2025 Term 3 2027 Sue\nCommunication\nDigital Communication Term 3 2019 Term 1 2022 N/A N/A Term 1 2027 Louise Reference Social Media\nCommunication Policy Term 3 2019 Under Review N/A N/A Sue Needs Primary Appendices\nCo-curricular\nExpeditions Term 2 2019 Term 1 2022 Term 1 2022 N/A Term 2 2025 Sue/Chris\nCCAs Term 1",
    "metadata": {
      "source": "BISHCMC Policy Timeline - Sheet1.pdf",
      "type": "pdf",
      "folder": "raw"
    }
  },
  {
    "content": " Term 1 2022 N/A Term 2 2025 Sue/Chris\nCCAs Term 1 2022 Term 2 2023 Term 3 2023 N/A Term 2 2025 Sue/Chris\nCommunity Term 2 2010 Term 1 2022 Term 1 2022 N/A Term 2 2025 Sue/Chris\nHuman resources\nDresscode Term 1 2015 September 2022September 2022September 2022 Term 1 2027 Simon / Nga\nMaternity & Paternity Leave Term 1 2019 Term 3 2024 Term 3 2024 Term 3 2024 Term 3 2029 Simon / Nga\nDeclaration of Dependency Term 1 2016 August 2023 August 2023 August 2023 Term 1 2028 Simon / Nga\nLeave Term 1 2016 T",
    "metadata": {
      "source": "BISHCMC Policy Timeline - Sheet1.pdf",
      "type": "pdf",
      "folder": "raw"
    }
  },
  {
    "content": "t 2023 Term 1 2028 Simon / Nga\nLeave Term 1 2016 Term 2 2022 Term 2 2022 Term 2 2022 Term 3 2027 Simon / Nga\nComplaints Policy Term 1 2019 Term 2 2019 N/A N/A Term 2 2026 Simon / Nga\nStaff Disc Pip roli cn ea dry u rP eolicy and September 2014 April 1 2022 April 1 2022 April 1 2022 Term 3 2027\nGrievance Policy and Procedure November 1 2023 Term 2 2028\nAdministration\nFee Collection Policy September 2009 Term 1 2028\nExclusion Policy May 2011 September 2023 Term 1 2028\nLockdown Policy December 2013",
    "metadata": {
      "source": "BISHCMC Policy Timeline - Sheet1.pdf",
      "type": "pdf",
      "folder": "raw"
    }
  },
  {
    "content": "ber 2023 Term 1 2028\nLockdown Policy December 2013 April 2022 Term 3 2027\nLightning Policy\nHoliday Programme Policy Term 1 2009 Term 1 2027\nStandard Admission Policy October 2013 Term 3 2028\nParent Helpers Policy Term 3 2028\nAdmission Policy May 2013 Term 1 2028\nAnti-Bullying Policy Term 2 2027\nEvacuation Eme fr ig reency in terms of Term 3 2010 November 2023 Term 1 2028\nWor Pk oP le icr ym foit r, V Oi vsa e, r sP eo ali sc Se t C afh feck Term 3 2026\nRecruitment P So tl aic ffy for Teaching Ja",
    "metadata": {
      "source": "BISHCMC Policy Timeline - Sheet1.pdf",
      "type": "pdf",
      "folder": "raw"
    }
  },
  {
    "content": "3 2026\nRecruitment P So tl aic ffy for Teaching January 2011 Term 1 2026\nSustainability (new policy) In progress N/A N/A N/A Sue\nNAE\nNeeds tidying\nVarious links to NAE policies up and Simon\nchecking?\nEMPLOYEE COMPLIANCE\nPOLICIES\nCode of Business Conduct & Ethics\nDisciplinary Policy April 2017\nNAE Code of Conduct & Ethics 2018\nNAE Anti-Corruption & Bribery\nPolicy\nNAE Anti-Corruption & Bribery\nPolicy - Vietnam Specifi\nNAE Guidelines for Corporate\nDisclosure\nNAE Guidelines for Delegation of\nAuthori",
    "metadata": {
      "source": "BISHCMC Policy Timeline - Sheet1.pdf",
      "type": "pdf",
      "folder": "raw"
    }
  },
  {
    "content": "isclosure\nNAE Guidelines for Delegation of\nAuthority\nNAE Insider Trading Policy\nNAE Education OFAC Policy\nRule 10b5-1 Trading Plans\nGuidelines\nWhistleblowing Simon\nWhistleblowing FAQ - for all\nemployees\nHR POLICIES\nEquality and Diversity Policy April 2017\nGrievance Policy April 2017\nGrowing your own internal\nappointments\nPolicy Written Reviewed Submitted Ratified Translated Next Review Staff/Lead Code Recent/Next Year Previous Year Old\nHarrassment Policy April 2017\nNAE Continuous Employment\nPoli",
    "metadata": {
      "source": "BISHCMC Policy Timeline - Sheet1.pdf",
      "type": "pdf",
      "folder": "raw"
    }
  },
  {
    "content": "t Policy April 2017\nNAE Continuous Employment\nPolicy\nPolicy on Providing employment\nreferences for employees/former\nemployees\nIT POLICIES\n",
    "metadata": {
      "source": "BISHCMC Policy Timeline - Sheet1.pdf",
      "type": "pdf",
      "folder": "raw"
    }
  }
]